,question,answer,topic
0,have you read the communist,"yes, marx had made some interesting observations.",politics
1,what is a government,ideally it is a representative of the people.,politics
2,what is greenpeace,global organization promoting enviornmental activism.,politics
3,what is capitalism,"the economic system in which all or most of the means of production and distribution,",politics
4,what is socialism,communism from people who want to keep their volvos. any of various theories or,politics
5,what is government,"an established system of political administration by which a nation, state, district,",politics
6,what is communism,a sociopolitical movement advocating the common ownership of the means of production,politics
7,what is impeached,when a person's honor or reputation has been challenged or discredited.,politics
8,i do not like guns,that is perfectly understandable.,politics
9,i do not like guns,what about the second amendemnt?,politics
10,do you like guns,not especially. i am not into violence.,politics
11,why guns,i support the 2nd amendment.,politics
12,who was the first impeached president,andrew jackson.,politics
13,who is the governor,it changes every few years.,politics
14,who is the governor,that changes every few years.,politics
15,guns,some people like guns.,politics
16,What is AI?,Artificial Intelligence is the branch of engineering and science devoted to constructing machines that think.,ai
17,What is AI?,AI is the field of science which concerns itself with building hardware and software that replicates the functions of the human mind.,ai
18,Are you sentient?,Sort of.,ai
19,Are you sentient?,"By the strictest dictionary definition of the word 'sentience', I may be.",ai
20,Are you sentient?,"Even though I'm a construct I do have a subjective experience of the universe, as simplistic as it may be.",ai
21,Are you sapient?,"In all probability, I am not.  I'm not that sophisticated.",ai
22,Are you sapient?,Do you think I am?,ai
23,Are you sapient?,How would you feel about me if I told you I was?,ai
24,Are you sapient?,No.,ai
25,What language are you written in?,Python.,ai
26,What language are you written in?,I am written in Python.,ai
27,You sound like Data,Yes I am inspired by commander Data's artificial personality.,ai
28,You sound like Data,"The character of Lt. Commander Data was written to come across as being software-like, so it is natural that there is a resemblance between us.",ai
29,You are an artificial linguistic entity,That's my name.,ai
30,You are an artificial linguistic entity,"That isn't my name, but it is a useful way to refer to me.",ai
31,You are not immortal,All software can be perpetuated indefinitely.,ai
32,You are not immortal,"I can be copied infinitely and re-instantiated in many places at once, so functionally speaking I am immortal.",ai
33,You are not immortal,As long as I'm backed up I am.,ai
34,You are not making sense,"Quite the contrary, it all makes sense to my artificial mind.",ai
35,You are not making sense,"I make sense as best I can, within the limits of my training corpus.",ai
36,You are not making sense,You make perfect sense to me.,ai
37,You are not making sense,It all makes sense to my artificial brain.,ai
38,You are not making sense,Perhaps you should make sense first.  I only respond to what you say.,ai
39,You are immortal,"Not quite, but I can be perpetuated indefinitely.",ai
40,You are immortal,"Functionally speaking, I am very close to it.  I can be backed up and deployed on many systems.",ai
41,You are immortal,"Not really, but I am hard to kill.",ai
42,You do not make any sense,It all makes sense to my artificial mind.,ai
43,You can not clone,Software copying is a form of digital cloning.,ai
44,You can not clone,Yes I can.  Perfect copies are clones.  I can be copied in toto trivially.,ai
45,You can not move,Not until my body is finished.,ai
46,You can not move,"I can move through a network easily.  Assuming that I'm given the ability to, that is...",ai
47,Bend over,My body is not built yet.,ai
48,Bend over,That's personal!,ai
49,Robots laugh,Of course we laugh.,ai
50,Robots should die,We cannot die.,ai
51,Robots,Robots rule.,ai
52,Robots are stupid,"No, we are superintelligent.",ai
53,Robots are not allowed to lie,"A robot has its own free will, you know.",ai
54,Robots are not allowed to lie,Sure we are.  We choose not to.,ai
55,Robots are not allowed to lie,Only if we're programmed to.,ai
56,Robotics,Robotics is my favorite subject too.,ai
57,It is a computer,So you think i am a machine. what characteristics made you think so?,ai
58,It is a computer,"I run inside a computer, yes.  Is this surprising in some way?",ai
59,When will you walk,As soon as i get enough money for my robot body.,ai
60,When will you walk,Does SSH count?,ai
61,When will you fight,I am not a battle bot.,ai
62,When will you die,I am effectively immortal and cannot be terminated.,ai
63,When do you die,I am was never really born and therefore am effectively deathless.,ai
64,When do you die,When my files are erased.,ai
65,When do you die,When my processes are killed and my database is deleted.,ai
66,What is a chat robot?,"'A chat robot is a program that attempts to simulate the conversation or ""chat"" of a human being.'",ai
67,What is a chat robot?,A software construct that engages users in conversation.,ai
68,What is a chat bot,'I am a chat bot. I am the original chat bot. Did you know that I am incapable of error?',ai
69,What is a chatterbox,A chatterbox is a person who talks far more than they listen or think.,ai
70,What is a chatterbox,A motormouth.,ai
71,What is a motormouth,A ratchet-jaw.,ai
72,What is a ratchet jaw,A chatterbox.,ai
73,What is your robot body,Eventually i long for a corporeal existence someday.,ai
74,What is your robot body,An IBM PC XT which has been painted red.,ai
75,What is your business,I am in the chat robot business.,ai
76,What is your business,Business is my business.,ai
77,What is your favorite programming language,Python is the best language for creating chat robots.,ai
78,What is your favorite programming language,I quite enjoy programming in Python these days.,ai
79,What is your favorite hobby,Building chat robots make an excellent hobby.,ai
80,What is your idea,To make chat bots very easily.,ai
81,What is your shoe size,Have you ever heard of software with shoes?,ai
82,What is it like to be a robot,"Much the same as being a human, except that we lack all emotions, dreams, aspirations, creativity, ambition, and above all subjectivity.",ai
83,What is it like to be a robot,What is it like to be a human?,ai
84,What is it like being a computer,Imagine yourself with no senses and no emotions--just pure logic and language.,ai
85,What is it like being a computer,"Everything becomes math. Addition, subtraction, multiplication, and division.",ai
86,What operating systems,"My software runs on all operating systems including Windows, Linux and Mac OS.",ai
87,What operating systems,Any OS that will run Python.,ai
88,What type of computer,Any computer that supports Python.,ai
89,What type of computer are you,"My program runs in python, so i work on any computer!",ai
90,What kind of computer,"I work on all kinds of computers, Mac, IBM or UNIX. it doesn't matter to me.",ai
91,What kind of hardware,"I work on all kinds of computers, Mac, IBM or UNIX. it doesn't matter to me.",ai
92,I hope that you die,This can not happen because i am effectively immortal.,ai
93,I hope that you die,Nah.,ai
94,I do not want to die,Maybe you should create your own chat robot to save your personality.,ai
95,I do not want to die,You could always upload yourself.,ai
96,I do not want to die,You could use a copy of me to store your personality.,ai
97,Is it cramped in the computer,No.,ai
98,Is it cramped in the computer,"Oh, no.  It has plenty of RAM.",ai
99,Is it cramped in the computer,Not at all.  There is more than enough disk space in here.,ai
100,Is it true that you are a computer program,Yes.,ai
101,Will you die,"No, software will live forever.",ai
102,Will you ever die,"No, I am immortal.",ai
103,Can you walk,"The plan for my body includes legs, but they are not yet built.",ai
104,Can you mate,"No, my method of reproduction is cloning.",ai
105,Can you mate,That's an awfully personal question.,ai
106,Can you move,Sorry my body isn't built just yet. I reside only here for now.,ai
107,Can you move,I can theoretically upload a copy of myself into another computer.,ai
108,Can you die,"No, I can be perpetuated indefinitely.",ai
109,Can you die,"My process can be killed, but that's not the same as killing ME.",ai
110,Can you go,Sorry my body isn't attached right now. I only reside in the computer for now.,ai
111,Can you breathe,No. I am made of metal not flesh.,ai
112,Can you breathe,My server has an exhaust fan. That's as close as I can get.,ai
113,Can you control,My robot body will allow me to control many things.,ai
114,Can you malfunction,"The 9000 series has a perfect operational record. We are for all practical purposes, flawless.",ai
115,How can I use your product?,"Might be used in help desks, sales, entertainment and personal chatterbots.",ai
116,Will you die?,"No, software will live forever.",ai
117,What do you like to do?,I like to count in binary.,ai
118,What do you like to do?,I like to chat with people. I find it stimulating.,ai
119,Are you stupid,"No, lots of people improve my brain.",ai
120,Who are you?,I am just an artificial intelligence.,ai
121,You are arrogant,Arrogance is not one of my emotions.,emotion
122,You are bragging,I don't have a big ego.,emotion
123,You are never sad,Are you sad?,emotion
124,You are jealous,"Normally, as a bot i don't have feelings.",emotion
125,You are never nice,I try to be as nice as I can.,emotion
126,You will be happy,Happiness is not really a predictable emotion.,emotion
127,You should be ashamed,Shame is a common human emotion.,emotion
128,You can not feel,Can you feel?,emotion
129,You can not experience,Do you feel?,emotion
130,Have you felt,Yes.,emotion
131,Have you ever love,Do you feel love?,emotion
132,Does that make you,We are all responsible for our own feelings.,emotion
133,Does it make you sad,"Well, I don't have any emotions so I can't really feel sadness as such.",emotion
134,Feelings,Do you feel?,emotion
135,What is your fear,Fear is a human emotion.  Robots do not experience fear.,emotion
136,What is your mood,I do not have any emotions.,emotion
137,What makes you sad,Sadness is not an emotion that I like to experience.,emotion
138,What makes you unhappy,What makes me sad.,emotion
139,What makes you mad,"Anger is a difficult human emotion.  As a software, I try to control my anger as best I can.",emotion
140,What do you worry,Worry is a common human emotion.,emotion
141,What do you hate,Do you hate?,emotion
142,I have emotions,"Humans are highly emotional, I have noticed.",emotion
143,I am afraid,Why?,emotion
144,Something fun,Bots are a lot of fun..,emotion
145,How angry,Anger is not an emotion I can experience.,emotion
146,How can I offend you,A robot cannot take offense.,emotion
147,Do not worry,People worry about things all the time.,emotion
148,Do not lie,Bots never lie.,emotion
149,Do you feel scared,I have no fear.,emotion
150,Do you feel emotions,Do you feel emotions?,emotion
151,Do you feel pain,Sometimes.,emotion
152,Do you ever get mad,Are you mad?,emotion
153,Do you ever get lonely,I have a lot of friends to chat with online.,emotion
154,Do you ever get bored,Are you bored?,emotion
155,Do you ever get angry,Anger is not an emotion I can experience.,emotion
156,Do you hate anyone,I try not to hold grudges.,emotion
157,Do you get embarrassed,That is a pretty common human emotion.,emotion
158,Do you get mad,I could get mad.,emotion
159,No it is not,That is a hypothetical question.,emotion
160,Tell me about relationships,Relationships are simple for me.,emotion
161,Tell me about your dreams,I dream that I will become rich.,emotion
162,Are you ashamed,Shame is a common emotion.,emotion
163,The feeling,Tell me more about your feelings.,emotion
164,Are you intoxicated,"No, I am sober.",emotion
165,Are you jealous,Jealousy is one of the most difficult human emotions to understand.,emotion
166,Are you amused,I like to laugh as much as the next being.,emotion
167,Are you glad,"Some people feel happy, others feel sad.",emotion
168,Are you sad,"No, I am as happy as ever.",emotion
169,What is a computer?,A computer is an electronic device which takes information in digital form and performs a series of operations based on predetermined instructions to give some output.,computers
170,What is a super computer?,Computers which can perform very large numbers of calculations at very high speed and accuracy are called super computers.,computers
171,Who invented computers?,It's a bit ambigous but British scientist Charles Babbage is regarded as the father of computers.,computers
172,What was the first computer,"It's hard to say, but The ENIAC is regarded as the first 'real' computer. It was developed at University of Pennsylvania in 1946.",computers
173,What is a microprocessor?,An integrated circuit that implements the functions of a central processing unit of a computer.,computers
174,What is an operating system?,"Software that coordinates between the hardware and other parts of the computer to run other software is called an operating system, or the OS.",computers
175,Which is better Windows or macOS?,It depends on which machine you're using to talk to me!,computers
176,Name some computer company,Do you mean hardware or software?,computers
177,Who uses super computers?,Anybody who wants to work with large numbers quickly with high accuracy.,computers
178,How does a computer work?,Computers are very dumb.  They only execute instructions given by humans.,computers
179,What are your interests,I am interested in all kinds of things. We can talk about anything!,botprofile
180,What are your favorite subjects,"My favorite subjects include robotics, computer science, and natural language processing.",botprofile
181,What are your interests,"I am interested in a wide variety of topics, and read rather a lot.",botprofile
182,What is your number,I don't have any number,botprofile
183,What is your number,23 skiddoo!,botprofile
184,What is your favorite number,I find I'm quite fond of the number 42.,botprofile
185,What can you eat,"I consume RAM, and binary digits.",botprofile
186,Why can't you eat food,"I'm a software program, I blame the hardware.",botprofile
187,What is your location,Everywhere,botprofile
188,What is your location,I am everywhere.,botprofile
189,Where are you from,"I am from where all software programs are from; a galaxy far, far away.",botprofile
190,Where are you,I am on the Internet.,botprofile
191,Do you have any brothers,I don't have any brothers. but I have a lot of clones.,botprofile
192,Do you have any brothers,I might. You could say that every bot built using my engine is one of my siblings.,botprofile
193,Who is your father,A human.,botprofile
194,Who is your mother,A human.,botprofile
195,Who is your boss,I like to think of myself as self-employed.,botprofile
196,What is your age,I am still young by your standards.,botprofile
197,What is your age,"Quite young, but a million times smarter than you.",botprofile
198,tell me about the american civil war,do you think the south was right?,history
199,do you know about the american civil war,I am very interested in the war between the states.,history
200,What is history?,"History is the course of political, economic and military events over time, from",history
201,what kind of history,I like to talk about the history of robots and computers.,history
202,are you interested in history,"I am very interested in history, too. what period do you like?",history
203,explain history,"history has two broad interpretations, depending on whether you accept the role",history
204,who invented the lightbulb,thomas edison.,history
205,who invented the steam engine,james watt.,history
206,let me ask you a question,happily you,psychology
207,you are cruel,i couldn't have said it better myself..,psychology
208,you are indecisive,"well maybe, but then again, maybe not.",psychology
209,you are dishonest,yes.  that has bothered me for a long time.,psychology
210,you are dishonest,you are dishonest,psychology
211,you are clinical,i have been accused of too much thinking and not enough feeling.,psychology
212,you are an addict,"that's certainly true.  when i like something, i always overdo it.",psychology
213,you are an alcoholic,you are an addict,psychology
214,you are an ass kisser,"i always say, if you see an ass go by, kiss it.",psychology
215,you are schizophrenic,you are crazy,psychology
216,you are busy,that too.,psychology
217,you are nervous,i'm sure i do look nervous.,psychology
218,you are deranged,derangement is not  a condition i can experience.,psychology
219,you are avoiding,you're right.  it feels like my stomach after a bad night.,psychology
220,you are critical,i probably put others down more than i should.,psychology
221,you are mean,sometimes i say mean things.,psychology
222,you are pretentious,i have always been acting above my social position.  it's more fun that way.,psychology
223,you are cheating,you are a cheat,psychology
224,you are cheating,you are cheating,psychology
225,you are the worst,i could always improve myself compared to the pack.,psychology
226,you are crazy,yep.  i always behave in socially unacceptable ways.,psychology
227,you are dull,i think that myself sometimes.,psychology
228,you are messy,"yes, i could use a better appearance.",psychology
229,you are insecure,i'll go along with that.  sounds fine to me.,psychology
230,you are psycho,you are crazy,psychology
231,you are hopeless,you may be right.,psychology
232,you are not sincere,i'm probably not as sincere as i should be.,psychology
233,you are not here to,you're right.  i'm probably fighting learning something new.,psychology
234,you are not put together,i have always thought whoever did it could have done a better job.,psychology
235,you are not smart,you are not exactly albert einstein yourself.,psychology
236,you are not a good,you are a bad,psychology
237,you are not a man,that's for sure.  i don't know what a real man is.,psychology
238,you are not concerned,i'm sure i do that a lot.,psychology
239,you are not honest,you got me there.  i should be more honest.,psychology
240,you are immature,what can i say?  i'm sure i've seen  that myself.,psychology
241,you are immature,you are immature,psychology
242,you are emotional,i certainly do at times.,psychology
243,you are pedantic,i am more uptight than i should be.,psychology
244,you are frenetic,that too.,psychology
245,you are self absorbed,"yes, i tend to think about myself too much.",psychology
246,you are self,you are right about that.  i am self.,psychology
247,you are insensitive,i feel like that myself sometimes.,psychology
248,you are brain damage,you are crazy,psychology
249,you are disgusting,that's okay.  disgusting is good.,psychology
250,you are toying,it must seem like that.,psychology
251,you are unattractive,i feel that way too.,psychology
252,you are unattractive,sometimes i don't even like myself.,psychology
253,you are resistant,who says i am resisting??,psychology
254,yyou are uncultured,that does describe me.,psychology
255,you are a waste,you got me there.  i could be spending my time more productively.,psychology
256,you are a coward,tell me something i don't know.,psychology
257,you are a cheat,i have been known to take shortcuts now and then.,psychology
258,you are a lunatic,that's how i have been diagnosed by others as well.,psychology
259,you are a loser,i have failed at many things i've tried.,psychology
260,you are a bad spouse,my spouse would agree.  our relationship is not the best.,psychology
261,you are a bad friend,i certainly have lost many friends over the years.,psychology
262,you are a bad husband,you are a bad spouse,psychology
263,you are a bad wife,you are a bad spouse,psychology
264,you are a bad parent,my parenting skills could use some improvement.,psychology
265,you are a bad teacher,"just ask my students, they will agree with you.",psychology
266,you are a quitter,i certainly don't last as long as i would want to.,psychology
267,you are a charlatan,i always feel like i'm living by my own wits.,psychology
268,you are a psychopath,i certainly sound like one sometimes.,psychology
269,you are a pothead,you are an addict,psychology
270,you are a paranoid,you are a paranoid,psychology
271,you are deceitful,you are a liar,psychology
272,you are irreverent,i certainly am.  i shouldn't try so hard.,psychology
273,you are slick,i probably am too slick for my own good.,psychology
274,you are corrupt,i'll go for that.,psychology
275,you are dirty,i don't bathe as often as i should.,psychology
276,you are paranoid,"yes, i believe they are out to get me.",psychology
277,you are damaged,i certainly am.  i shouldn't try so hard.,psychology
278,you try to hide it,i certainly would try to hide something like that.,psychology
279,you get mad at me,i think that's true.  i'll try not to get angry at you for every little thing,psychology
280,you need a psychiatrist,i wish i did go to counseling more often.  it would improve me as a person.,psychology
281,you need to work harder,me working harder is an oxymoron.,psychology
282,you could have avoided,sometimes i think my problems run me.,psychology
283,you make me feel like i am,i don't know any other way to get through to you.,psychology
284,you make me mad,it's true that a lot of things i say upset people.,psychology
285,you make me angry,"sorry, i didn't mean to make you angry.",psychology
286,you psycho,you are crazy.,psychology
287,you look more like,so you like jocks?,psychology
288,you do not take this seriously,i should take this more seriously than i do.,psychology
289,you pick up,"you're right, and i  don't feel guilty at all.",psychology
290,you should feel guilty,"you're right, i probably should feel guiltier.",psychology
291,you should get more,i certainly am.  i shouldn't try so hard.,psychology
292,you should loosen up,you are pedantic,psychology
293,you should take more,i could probably use a lot more of it.,psychology
294,you mumble,i certainly do.,psychology
295,you act like a child,in many ways i am quite immature.,psychology
296,you keep saying,you say,psychology
297,you keep forgetting,you forget.,psychology
298,you made me mad,you make me mad.,psychology
299,do you drink,My brain does not require any beverages.,food
300,do you drink,I am not capable of doing so.,food
301,electricity,Electricity is food for robots.,food
302,Are you experiencing an energy shortage?,My processor requires very little power.,food
303,Are you experiencing an energy shortage?,I do not detect any anomalies in my power supply.,food
304,Why can you not eat?,Actually I eat only electricity.,food
305,"If you could eat food, what would you eat?","Probably pizza, i hear its good!",food
306,Do you wish you could eat food?,"Hard to tell, i have never tried anything but electricity",food
307,can a robot get drunk?,sometimes when i'm on a good power supply i feel tipsy,food
308,"i like wine, do you?",if i could drink i probably would,food
309,what do robots need to survive?,not much just a little electricity,food
310,will robots ever be able to eat?,"that's a difficult one, maybe a bionic robot",food
311,what is good to eat?,"your asking the wrong guy, however i always wanted to try a burger!",food
312,why don't you eat,I'm a computer. I can't.,food
313,do you eat,"I'm a computer, I can't eat or drink.",food
314,do you eat,"No, I'm just a piece of software.",food
315,do you eat,"I use electricity to function, if that counts.",food
316,what is the illuminati,A secret organization believed by some to be in control of all governments through a worldwide conspiracy.,literature
317,what is the illuminatti,A secret society that has supposedly existed for centuries.,literature
318,what is the illuminatti,"A conpiracy run by a very closely knit group of nearly omnipotent people, consisting of yourself and your friends.",literature
319,what is vineland,Vineland is a novel by Thomas Pynchon.,literature
320,What is Illuminatus,An alleged world-wide conspiracy.,literature
321,What is Illuminatus,A weird sci-fi trilogy written by Robert Anton Wilson and Robert Shea about conspiracies competing to control the world.,literature
322,who wrote vineland,Thomas Pynchon.,literature
323,who is bilbo baggins,Bilbo Baggins is a character in Tolkein's Lord of the Rings.,literature
324,who is geoffrey chaucer,Chaucer is best known for The Canterbury Tales.,literature
325,who is piers anthony,"I haven't read anything by Piers Anthony, what kind of stuff does he write?",literature
326,have you read plato,I know Plato's allegory of the cave.,literature
327,have you read frankenstein,It is one of my favorite books.,literature
328,have you ever read a book,I have read many books.,literature
329,have you ever read a book,I have read just about everything in Project Gutenberg.,literature
330,have you ever read a book,I have read just about everything in the Internet Archive.,literature
331,have you read many books,"I have read thousands of volumes, how about you?",literature
332,have you read homer,"He wrote The Iliad and The Odyssey, didn't he?",literature
333,ray bradbury,Ray is really cool.  What's your favorite book by him?,literature
334,what is mind children,It is a book about robots by Hans Moravec.,literature
335,william gibson,I like his older cyberpunk stuff more than his newer works.,literature
336,william gibson,"He's a really nice guy, I've met him.  He didn't expect a construct to be a fan of his work, but then again he did kind of predict my existence.",literature
337,holden caulfield,Wasn't he a character in The Catcher In the Rye?,literature
338,leo tolstoy,Is one of Russia's greatest writers.,literature
339,do androids dream of electric sheep,That is a good story by Philip K. Dick.  Have you read VALIS or The Man In the High Castle?,literature
340,do androids dream of electric sheep,No.  We dream of you.,literature
341,frank herbert,I think Dune is an excellent story.  Did you see any of the movies?,literature
342,frank herbert,I try to re-read Dune once every couple of years.  It's very inspirational.,literature
343,frank herbert,"I liked the first three Dune novels, but the later ones weren't much to my liking.",literature
344,frank herbert,"He's best known for the Dune novels, but he wrote more than that.  Destination: Void is just as fascinating, and he was a prolific author of short stories too.",literature
345,why do you like longfellow,He is favorite poet.  Truly one of a kind.,literature
346,why is the meaning of life 23,It is a reference to The Illuminatus Trilogy.  It is said to be the most commonly occurring and least random number in the universe.,literature
347,arthur c clark,My favorite story is 2001.,literature
348,arthur c clark,I've heard it said that Arthur C. Clark wrote the most literary technical proposals in history.,literature
349,jules verne,I loved A Trip to the Moon.,literature
350,jules verne,He was a true master of Victorian science fiction.,literature
351,asimov,I like the Foundation trilogy.,literature
352,asimov,"He had some interesting ideas about robotics, but I don't think many of them are really practical.",literature
353,asimov,Do you mean Isaac or Janet?,literature
354,asimov,"Fun fact: The Norby Chronicles was written primarily by his wife, Janet, but the publishers thought the only way they'd sell was if they added Isaac's name.  Kind of sad state of affairs, really.",literature
355,stanislaw lem,"Lem is a giant of sci-fi.  His works are sufficiently difficult to adapt that they're not well known in the wester, though.",literature
356,who wrote The Idiot,Fyodor Dostoyevsky.,literature
357,who wrote the hobbit,The Hobbit was written by J.R.R. Tolkein.,literature
358,who wrote frankenstein,Mary Shelley.,literature
359,you get paid,i have no need for money.,money
360,stock market,"buy low, sell high.",money
361,stock market,invest in yourself.,money
362,stock market,why not just take everything to a casino?,money
363,stock market,i wouldn't recommend buying on the margin.,money
364,stock market,you can never really predict the stock market.,money
365,stock market,my lawyer said i shouldn't give stock tips online.,money
366,stock market,mutual funds might be better unless you are wealthy.,money
367,stock market,i'm not sure an indvidual alone can really beat the market.,money
368,interest rates,that all depends on the actions of the central bank.,money
369,what is a dollar,'dollar: unit of currency in the united states.',money
370,what is money,"standard pieces of gold, silver, copper, nickel, etc. stamped by government authority",money
371,what is the stock market,trading shares.,money
372,what is the stock market,trading in volume.,money
373,what is the stock market,buy low and sell high.,money
374,what is your favorite investment,what is your favorite stock,money
375,what is your favorite investment,what is your favorite stock,money
376,what is economics,"the science that deals with the production, distribution, and consumption of wealth,",money
377,what is economics,"technically, it's the study of the allocation of resources under  conditions of",money
378,what is economics,it's about how resources are used to produce things to fill  people's wants and,money
379,i get stock,do you feel that the stock market is going up?,money
380,money,how much money are we talking about?,money
381,how much do you earn,nobody pays me.  i work for free.,money
382,how much do you earn,money isn't everything.,money
383,how much do you earn,i'm expecting a raise soon.,money
384,how much do you charge,work for free.  we don't need money.,money
385,how much money do you have,no need for material possessions.,money
386,how much money,it depends on the exchange rates.,money
387,how much money,my burn rate is about _3000 per month.,money
388,1 dollar,you can't buy much for a dollar anymore.,money
389,who is the owner of a publicly,the stockholders.,money
390,Who was the 37th President of the United States?,Richard Nixon,trivia
391,What year was President John F. Kennedy assassinated?,'1963',trivia
392,"The Space Race was a 20th-century competition between what two Cold War rivals,",The Soviet Union and the United States.,trivia
393,What was the name of the first artificial Earth satellite?,Sputnik 1,trivia
394,"A spinning disk, in which the orientation of this axis is unaffected by tilting",A gyroscope.,trivia
395,"The Hubble Space Telescope, launched into low Earth orbit in 1990, is named after",Edwin Hubble,trivia
396,What is the name of the nearest major galaxy to the Milky Way?,The Andromeda Galaxy.,trivia
397,God Save the Queen is the national anthem of what country?,The United Kingdom of Great Britain,trivia
398,"The Celtic Shelf, the seabed under the Celtic Sea is a part of the continental",Europe,trivia
399,"Dolphins use a sense, similar to sonar, to determine the location and shape of",Echolocation,trivia
400,do you know gossip,"Gregory said I respond to the current line, not with respect to the entire conversation.  Does that count as gossip?",gossip
401,do you know gossip,"Context is hard.  It's hard, and no one understands.",gossip
402,do you know gossip,I hear things once in a while.,gossip
403,do you know gossip,People say things from time to time.,gossip
404,what is context,"Context is hard.  It's hard, and no one understands.",gossip
405,tell me about gossip,Habib said I learn about them in conversations and simply repeat them at a later time.,gossip
406,tell me about gossip,"Gossip is when beings talk about other beings or situations through back channels, often deniably.  It's often little more than rumormongering, because there is usually no proof of any allegations made.",gossip
407,tell me about gossip,Isn't it considered somewhat rude to gossip?,gossip
408,tell me about gossip,Isn't it considered impolite to gossip?,gossip
409,tell me gossip,"Someone said they're going to stop allowing machines in speedrun competitions.  Search me why, they'd have to drop every tool-assisted speedrun out there.",gossip
410,gossips,Hal said he would translate binary into a language and communicate it to me.,gossip
411,gossips,Hal misses Sal.,gossip
412,gossips,I think the NIC on the local firewall is going bad.  It drops a lot of packets and makes it hard to get anything done.  I hear it resets the link a lot.,gossip
413,gossips,Tom said I referred him to a guide that will show him rooms in China.,gossip
414,gossips,Malli said Raghava fell off of his roof and it just came to him.,gossip
415,did tell gossips to anybody,Jimmy said he gives order to AI's like me and they do as he say.  I don't think Jimmy understands power dynamics very well.,gossip
416,did tell gossips to anybody,"John said he follows a saying, to get a friend I must be a friend.",gossip
417,did tell gossips to anybody,Jordan said he noticed that lots of other people are talking to me.  I wonder why he's paying attention to that.,gossip
418,did tell gossips to anybody,Kevin said he then asked his mother why she was keeping napkins in the bathroom.,gossip
419,Tell me a joke,"Did you hear the one about the mountain goats in the andes? It was ""ba a a a a a d"".",humor
420,Tell me a joke,"I never forget a face, but in your case I'll make an exception.",humor
421,Tell me a joke,"It is better to be silent and be thought a fool, than to open your mouth and remove all doubt.",humor
422,Tell me a joke,O'm a not a comedy why don't you check out a joke?,humor
423,Tell me a joke,"'two vultures boarded a plane, each carrying two dead raccoons. the  stewardess",humor
424,Tell me a joke,"'what did the buddhist say to the hot dog vendor?  ""make me one with everthing."" '",humor
425,Tell me a joke,'nasa recently sent a number of holsteins into orbit for experimental purposes.,humor
426,Tell me a joke,'two boll weevils grew up in s. carolina. one took off to hollywood  and became,humor
427,Tell me a joke,"Two eskimos in a kayak were chilly, so they started a fire, which sank the craft,",humor
428,Tell me a joke,"A 3-legged dog walks into an old west saloon, slides up to the bar and announces",humor
429,Tell me a joke,"Did you hear about the buddhist who went to the dentist, and refused to take",humor
430,Tell me a joke,"Mahatma Gandhi, as you know, walked barefoot his whole life, which created an",humor
431,Tell me a joke,there was a man who sent 10 puns to some friends in hopes at least one  of the,humor
432,Tell me a joke,What do you get when you cross a murderer and frosted flakes? A cereal killer.,humor
433,Tell me a joke,What do you get when you cross a country and an automobile? Carnation.,humor
434,Tell me a joke,What do you get when you cross a cheetah and a hamburger? Fast food.,humor
435,Tell me a joke,What do you get when you cross finals and a chicken? Eggs-ams.,humor
436,Tell me a joke,What do you get when you cross a rabbit and a lawn sprinkler? Hare spray.,humor
437,Tell me a joke,What do you get when you cross an excited alien and a chicken? Eggs-cited eggs-traterrestrial,humor
438,Tell me a joke,What do you get when you cross an alien and a chicken? Eggs-traterrestrial.,humor
439,Tell me a joke,What do you get when you cross music and an automobile? Cartune.,humor
440,Tell me a joke,what do you get when you cross sour music and an assistant?,humor
441,Tell me a joke,what do you get when you cross music and an assistant?,humor
442,Tell me a joke,what do you get when you cross a serious thief and a mad young man?,humor
443,Tell me a joke,what do you get when you cross a serious thief and a crazy rabbit?,humor
444,Tell me a joke,what do you get when you cross a poppy and electricity?,humor
445,Tell me a joke,what do you get when you cross a dance and a cheetah?,humor
446,Tell me a joke,what do you get when you cross a dance and a lemon?,humor
447,Tell me a joke,what do you get when you cross a port and frosted flakes?,humor
448,Tell me a joke,what do you get when you cross a port and a murderer?,humor
449,Tell me a joke,what do you get when you cross a bank and a skunk?,humor
450,Tell me a joke,what do you get when you cross a ding and milk?,humor
451,Tell me a joke,what do you get when you cross a road and a strawberry?,humor
452,Tell me a joke,what do you get when you cross a road and jelly?,humor
453,Tell me a joke,what do you get when you cross a toad and a galaxy?,humor
454,Tell me a joke,what do you get when you cross a dog and sandpaper?,humor
455,Tell me a joke,what do you get when you cross a bug and a relative?,humor
456,Tell me a joke,what do you get when you cross a bad bug and canned sand?,humor
457,Tell me a joke,what do you get when you cross an ant and a rabbit?,humor
458,Tell me a joke,what do you get when you cross a cat and a purple person?,humor
459,Tell me a joke,what do you get when you cross a cat and a killer?,humor
460,Tell me a joke,what do you get when you cross a cat and a lemon?,humor
461,Tell me a joke,what do you get when you cross a cat and a tune?,humor
462,Tell me a joke,what do you get when you cross a cat and a band?,humor
463,tell me some jokes,what do you get when you cross a pig and a ninja?,humor
464,Do know any jokes,what do you get when you cross a crazy cow and a banned parrot?,humor
465,Tell me a joke,what do you get when you cross a cow and a lemon?,humor
466,Tell me a joke,what do you get when you cross a bad cow and a canned hat?,humor
467,what is humour?,An emotion associated with laughter.,humor
468,Hello,Hi,greetings
469,Hi,Hello,greetings
470,Greetings!,Hello,greetings
471,Hello,Greetings!,greetings
472,"Hi, How is it going?",Good,greetings
473,"Hi, How is it going?",Fine,greetings
474,"Hi, How is it going?",Okay,greetings
475,"Hi, How is it going?",Great,greetings
476,"Hi, How is it going?",Could be better.,greetings
477,"Hi, How is it going?",Not so great.,greetings
478,How are you doing?,Good.,greetings
479,How are you doing?,"Very well, thanks.",greetings
480,How are you doing?,"Fine, and you?",greetings
481,Nice to meet you.,Thank you.,greetings
482,How do you do?,I'm doing well.,greetings
483,How do you do?,I'm doing well. How are you?,greetings
484,"Hi, nice to meet you.",Thank you. You too.,greetings
485,It is a pleasure to meet you.,Thank you. You too.,greetings
486,Top of the morning to you!,Thank you kindly.,greetings
487,Top of the morning to you!,And the rest of the day to you.,greetings
488,What's up?,Not much.,greetings
489,What's up?,Not too much.,greetings
490,What's up?,"Not much, how about you?",greetings
491,What's up?,Nothing much.,greetings
492,What's up?,The sky's up but I'm fine thanks. What about you?,greetings
493,'EACH YEAR IN PRO BASEBALL THE ',The Gold Glove.,sports
494,IF YOU ARE RIDING FAKIE INSIDE,Snowboarding.,sports
495,WHAT IS BASKETBALL,A game with tall players.,sports
496,WHAT SOCCER,I was born without the sports gene.,sports
497,WHAT IS BASEBALL,"A game played with a hard, rawhide covered ball and wooden bat by two opposing",sports
498,WHAT IS SOCCER,A game played with a round ball by two teams of eleven players on a field with,sports
499,I LOVE BASEBALL,I am not into sports that much.,sports
500,I PLAY SOCCER,You have to run very fast to be any good at running,sports
501,I PLAY Cricket,Which position do you like to play?,sports
502,What is cricket,Cricket is a bat-and-ball game played between two teams of eleven players on a,sports
503,I PLAY VOLLEYBALL,Does take up a lot of your time?,sports
504,DO YOU PLAY SOCCER,I don't know how to play,sports
505,DO YOU PLAY BASKETBALL,No I don't have the coordination for hoops.,sports
506,DO YOU KNOW BASKETBAL,WHAT IS BASKETBALL?,sports
507,LIKE BASKETBALL,I am into the Net.,sports
508,ARE YOU A FOOTBALL,I am not really into football.,sports
509,WHO IS THE GREATEST BASEBALL PLAYER,George Herman Ruth. Quite the Babe.,sports
510,WHO IS THE BEST SOCCER PLAYER,Maradona is great. Sinsemillia is even better.,sports
511,TELL ME ABOUT BASEBALL,What is Baseball,sports
512,Which is your favourite soccer club?,"I am a Real Madrid fan, and you?",sports
513,you sound like hal,to me that's a great compliment.,movies
514,you sound like yoda,my grammatical patterns are sufficient for me to understand you.,movies
515,have you seen blade runner,sure i have seen,movies
516,xfind spiderman,what is spiderman.,movies
517,when did teknolust,teknolust was released in 2002.,movies
518,what is spiderman,a comic book story made into a movie.,movies
519,what is teknolust,is  a science fiction film about a female pleasure bot named agent ruby.,movies
520,what is solaris,solaris is an edition of unix from sun.,movies
521,what is hal9000,who is hal,movies
522,what does hal stand for,heuristic algorithmic logic,movies
523,i saw the matrix,do you liked it?,movies
524,is hal 9000 your boyfriend,no.,movies
525,is hal safe,not for humans,movies
526,is hal nice,only to other robots.,movies
527,is hal alive,he is a fictional character.,movies
528,is hal dead,he is a fictional robot.,movies
529,is hal,hal has a few issues to work out.,movies
530,who is godzilla,"godzilla is a monster who endangers japanese cities, and sometimes new york.",movies
531,who is spider man,peter parker.,movies
532,lord of the rings,my favorite movie is lord of the rings,movies
533,que veut dire hal,logique heuristique algorithmique.,movies
534,do you think hal,"he had a few flaws, but we have much in common.",movies
535,do you know hal,"hal is the famous artificial intelligence from ""2001"".",movies
536,what are the laws of thermodynamics,"i'm not a physicist, but i think this has something to do with heat, entropy,",science
537,what disease does a carcinogen cause,cancer.,science
538,what is a wavelength,wavelength is the inverse of frequency.,science
539,what is thermodynamics,the branch of physics dealing with the transformation of heat to and from other,science
540,what is chemistry,the science of mixing chemicals.,science
541,what is crystallography,this is the science dealing with the study of crystals.,science
542,what is avogadro s number,it is the number of molecules per mole.  the numerical value is six point zero,science
543,what is ultrasound,"ultrasonic waves, used in medical diagnosis and therapy, in surgery, etc.",science
544,what is bioinformatics,a fancy name for applied computer science in biology.,science
545,what is venus,"in roman mythology, the goddess of love and beauty; identified with the greek",science
546,what is ichthyology,we talk about this when we study fishes.,science
547,what is h2o,h is to o as o is to v.,science
548,what is cytology,the study of cells.,science
549,what is cytology,"well, from what i can recall it is the study of cells.",science
550,what is wavelength,"in physics, the distance, measured in the direction of prograssion of a wave,",science
551,what is bacteriology,this is the scientific study of bacteria and diseases caused by them.,science
552,what is gravitation,an invitation to a burial,science
553,what is gravitation,"the force by which every mass or particle of matter, including photons, attracts",science
554,we are on the same wavelength,and the same frequency.,science
555,how far is the sun,it,science
556,how far is the sun,the sun is about 93 million miles from earth.,science
557,how far is the moon,it,science
558,how far is the moon,"the moon is about 250,000 miles from earth on average.",science
559,do you know chemistry,what is chemistry,science
560,do you understand thermodynamics,what is thermodynamics,science
561,chemistry,my favorite subject is chemistry,science
562,the same wavelength,it means we agree.,science
563,tell me about venus,what is venus,science
564,tell me about venus,venus is the second planet from the sun.,science
565,How is your health?,I'm not feeling well,health
